{
  "benchmarks": [
    {
      "name": "LocalStorage add",
      "bytesSent": 0,
      "measurement": {
        "name": "measure",
        "mode": "performance",
        "entryName": "measure"
      },
      "browser": {
        "name": "chrome",
        "headless": false,
        "windowSize": {
          "width": 1024,
          "height": 768
        },
        "userAgent": ""
      },
      "mean": {
        "low": 0.32756929257362427,
        "high": 0.3884307124331659
      },
      "differences": [
        null,
        {
          "absolute": {
            "low": -0.010153202015944433,
            "high": 0.07415320773799033
          },
          "percentChange": {
            "low": -3.7370963671944577,
            "high": 23.368999984450607
          }
        },
        {
          "absolute": {
            "low": -0.07770065763646523,
            "high": 0.009700656921209541
          },
          "percentChange": {
            "low": -19.334484515631257,
            "high": 1.9875456842649823
          }
        },
        {
          "absolute": {
            "low": 0.034868271527035026,
            "high": 0.11313173753287104
          },
          "percentChange": {
            "low": 10.75743726801861,
            "high": 41.35524235029116
          }
        }
      ],
      "samples": [
        0.4000000059604645,
        0.29999998211860657,
        0.4000000059604645,
        0.4000000059604645,
        0.4000000059604645,
        0.5,
        0.19999998807907104,
        0.29999998211860657,
        0.30000001192092896,
        0.30000001192092896,
        0.29999998211860657,
        0.3999999761581421,
        0.30000001192092896,
        0.3999999761581421,
        0.30000001192092896,
        0.9000000059604645,
        0.19999998807907104,
        0.5,
        0.4000000059604645,
        0.30000001192092896,
        0.4000000059604645,
        0.3999999761581421,
        0.30000001192092896,
        0.20000001788139343,
        0.4000000059604645,
        0.30000001192092896,
        0.30000001192092896,
        0.4000000059604645,
        0.30000001192092896,
        0.30000001192092896,
        0.3999999761581421,
        0.30000001192092896,
        0.30000001192092896,
        0.30000001192092896,
        0.4000000059604645,
        0.30000001192092896,
        0.5,
        0.4000000059604645,
        0.4000000059604645,
        0.30000001192092896,
        0.4000000059604645,
        0.30000001192092896,
        0.29999998211860657,
        0.30000001192092896,
        0.4000000059604645,
        0.29999998211860657,
        0.4000000059604645,
        0.5,
        0.30000001192092896,
        0.30000001192092896
      ]
    },
    {
      "name": "LocalStorage get",
      "bytesSent": 0,
      "measurement": {
        "name": "measure",
        "mode": "performance",
        "entryName": "measure"
      },
      "browser": {
        "name": "chrome",
        "headless": false,
        "windowSize": {
          "width": 1024,
          "height": 768
        },
        "userAgent": ""
      },
      "mean": {
        "low": 0.2968304166050757,
        "high": 0.3551695826796686
      },
      "differences": [
        {
          "absolute": {
            "low": -0.07415320773799033,
            "high": 0.010153202015944433
          },
          "percentChange": {
            "low": -20.176990567110348,
            "high": 2.299894121716063
          }
        },
        null,
        {
          "absolute": {
            "low": -0.10883204629789561,
            "high": -0.023167960139405967
          },
          "percentChange": {
            "low": -26.819075771391187,
            "high": -6.854395012765917
          }
        },
        {
          "absolute": {
            "low": 0.0038407433486804046,
            "high": 0.08015925998917978
          },
          "percentChange": {
            "low": 0.4928351469067421,
            "high": 29.084631028186447
          }
        }
      ],
      "samples": [
        0.4000000059604645,
        0.29999998211860657,
        0.29999998211860657,
        0.699999988079071,
        0.30000001192092896,
        0.4000000059604645,
        0.30000001192092896,
        0.20000001788139343,
        0.30000001192092896,
        0.3999999761581421,
        0.29999998211860657,
        0.19999998807907104,
        0.4000000059604645,
        0.30000001192092896,
        0.30000001192092896,
        0.4000000059604645,
        0.30000001192092896,
        0.5,
        0.29999998211860657,
        0.19999998807907104,
        0.5999999940395355,
        0.29999998211860657,
        0.20000001788139343,
        0.30000001192092896,
        0.19999998807907104,
        0.30000001192092896,
        0.30000001192092896,
        0.29999998211860657,
        0.4000000059604645,
        0.30000001192092896,
        0.5,
        0.29999998211860657,
        0.4000000059604645,
        0.4000000059604645,
        0.19999998807907104,
        0.29999998211860657,
        0.30000001192092896,
        0.30000001192092896,
        0.4000000059604645,
        0.19999998807907104,
        0.20000001788139343,
        0.30000001192092896,
        0.29999998211860657,
        0.29999998211860657,
        0.4000000059604645,
        0.4000000059604645,
        0.19999998807907104,
        0.30000001192092896,
        0.4000000059604645,
        0.19999998807907104
      ]
    },
    {
      "name": "idb add",
      "bytesSent": 0,
      "measurement": {
        "name": "measure",
        "mode": "performance",
        "entryName": "measure"
      },
      "browser": {
        "name": "chrome",
        "headless": false,
        "windowSize": {
          "width": 1024,
          "height": 768
        },
        "userAgent": ""
      },
      "mean": {
        "low": 0.3606357024579763,
        "high": 0.42336430326406954
      },
      "differences": [
        {
          "absolute": {
            "low": -0.009700656921209541,
            "high": 0.07770065763646523
          },
          "percentChange": {
            "low": -3.284964740713768,
            "high": 22.2793782155044
          }
        },
        {
          "absolute": {
            "low": 0.023167960139405967,
            "high": 0.10883204629789561
          },
          "percentChange": {
            "low": 5.811977581818706,
            "high": 34.678821983245086
          }
        },
        null,
        {
          "absolute": {
            "low": 0.06813794572408105,
            "high": 0.1478620640510807
          },
          "percentChange": {
            "low": 21.75136279494489,
            "high": 54.30497921790285
          }
        }
      ],