{
  "benchmarks": [
    {
      "name": "LocalStorage add",
      "bytesSent": 0,
      "measurement": {
        "name": "measure",
        "mode": "performance",
        "entryName": "measure"
      },
      "browser": {
        "name": "firefox",
        "headless": false,
        "windowSize": {
          "width": 1024,
          "height": 768
        },
        "userAgent": ""
      },
      "mean": {
        "low": 0.31291782866432016,
        "high": 0.8870821713356798
      },
      "differences": [
        null,
        {
          "absolute": {
            "low": -0.3734260204746595,
            "high": 0.33342602047465947
          },
          "percentChange": {
            "low": -59.61116760299034,
            "high": 53.15955469976452
          }
        },
        {
          "absolute": {
            "low": -1.205903605394369,
            "high": 0.24590360539436873
          },
          "percentChange": {
            "low": -87.83607034192545,
            "high": -1.0528185469634577
          }
        },
        {
          "absolute": {
            "low": -0.5721010223124879,
            "high": 0.1721010223124878
          },
          "percentChange": {
            "low": -67.19381606592054,
            "high": 17.19381606592053
          }
        }
      ],
      "samples": [
        0,
        0,
        0,
        0,
        0,
        0,
        1,
        0,
        1,
        6,
        2,
        0,
        2,
        0,
        1,
        1,
        1,
        0,
        0,
        0,
        1,
        2,
        1,
        2,
        0,
        1,
        1,
        0,
        0,
        0,
        0,
        0,
        0,
        0,
        0,
        1,
        0,
        0,
        1,
        1,
        1,
        0,
        0,
        0,
        1,
        0,
        0,
        0,
        1,
        1
      ]
    },
    {
      "name": "LocalStorage get",
      "bytesSent": 0,
      "measurement": {
        "name": "measure",
        "mode": "performance",
        "entryName": "measure"
      },
      "browser": {
        "name": "firefox",
        "headless": false,
        "windowSize": {
          "width": 1024,
          "height": 768
        },
        "userAgent": ""
      },
      "mean": {
        "low": 0.4138598077769748,
        "high": 0.8261401922230251
      },
      "differences": [
        {
          "absolute": {
            "low": -0.33342602047465947,
            "high": 0.3734260204746595
          },
          "percentChange": {
            "low": -56.87370229608191,
            "high": 63.54036896274857
          }
        },
        null,
        {
          "absolute": {
            "low": -1.1578636328649607,
            "high": 0.2378636328649607
          },
          "percentChange": {
            "low": -82.84537443137691,
            "high": -2.3398107538082744
          }
        },
        {
          "absolute": {
            "low": -0.4939056809886303,
            "high": 0.1339056809886302
          },
          "percentChange": {
            "low": -56.99515462976892,
            "high": 11.995154629768908
          }
        }
      ],
      "samples": [
        1,
        2,
        0,
        0,
        0,
        1,
        1,
        1,
        0,
        0,
        0,
        0,
        0,
        0,
        0,
        0,
        1,
        1,
        1,
        0,
        0,
        0,
        0,
        1,
        0,
        1,
        1,
        2,
        1,
        3,
        1,
        0,
        1,
        1,
        1,
        0,
        1,
        0,
        2,
        1,
        0,
        0,
        0,
        0,
        0,
        0,
        2,
        1,
        1,
        1
      ]
    },
    {
      "name": "idb add",
      "bytesSent": 0,
      "measurement": {
        "name": "measure",
        "mode": "performance",
        "entryName": "measure"
      },
      "browser": {
        "name": "firefox",
        "headless": false,
        "windowSize": {
          "width": 1024,
          "height": 768
        },
        "userAgent": ""
      },
      "mean": {
        "low": 0.4132767656472929,
        "high": 1.7467232343527073
      },
      "differences": [
        {
          "absolute": {
            "low": -0.24590360539436873,
            "high": 1.205903605394369
          },
          "percentChange": {
            "low": -60.588867907838406,
            "high": 220.58886790783845
          }
        },
        {
          "absolute": {
            "low": -0.2378636328649607,
            "high": 1.1578636328649607
          },
          "percentChange": {
            "low": -47.94704666170143,
            "high": 196.334143435895
          }
        },
        null,
        {
          "absolute": {
            "low": -0.4275046776756496,
            "high": 0.9875046776756496
          },
          "percentChange": {
            "low": -57.42042477070888,
            "high": 127.42042477070888
          }
        }
      ],
      "samples": [
        1,
        0,
        1,
        1,
        0,
        2,
        0,
        1,
        1,
        4,
        1,
        1,
        0,
        0,
        1,
        0,
        0,
        0,
        4,
        16,
        1,
        0,
        1,
        0,
        1,
        2,
        1,
        1,
        0,
        1,
        0,
        0,
        1,
        0,
        1,
        1,
        0,
        1,
        0,
        0,
        0,
        1,
        1,
        0,
        3,
        0,
        0,
        1,
        1,
        1
      ]
    },
    {
      "name": "idb get",
      "bytesSent": 0,
      "measurement": {
        "name": "measure",
        "mode": "performance",
        "entryName": "measure"
      },
      "browser": {
        "name": "firefox",
        "headless": false,
        "windowSize": {
          "width": 1024,
          "height": 768
        },
        "userAgent": ""
      },
      "mean": {
        "low": 0.563265976870265,
        "high": 1.036734023129735
      },
      "differences": [
        {
          "absolute": {
            "low": -0.1721010223124878,
            "high": 0.5721010223124879
          },
          "percentChange": {
            "low": -41.67789522830317,
            "high": 108.34456189496989
          }
        },
        {
          "absolute": {
            "low": -0.1339056809886302,
            "high": 0.4939056809886303
          },
          "percentChange": {
            "low": -28.399841215015886,
            "high": 86.46435734404815
          }
        },
        {
          "absolute": {
            "low": -0.9875046776756496,
            "high": 0.4275046776756496
          },
          "percentChange": {
            "low": -76.63672141053985,
            "high": 24.784869558688
          }
        },
        null
      ],
      "samples": [
        1,
        2,
        1,
        0,
        0,
        4,
        0,
        0,
        1,
        3,
        0,
        1,
        1,
        1,
        2,
        0,
        1,
        0,
        0,
        1,
        1,
        1,
        2,
        1,
        2,
        1,
        0,
        0,
        1,
        0,
        0,
        1,
        1,
        1,
        0,
        1,
        0,
        1,
        1,
        1,
        1,
        0,
        0,
        0,
        1,
        1,
        0,
        1,
        0,
        1
      ]
    }
  ]
}
