{
  "benchmarks": [
    {
      "name": "LocalStorage add",
      "bytesSent": 0,
      "measurement": {
        "name": "measure",
        "mode": "performance",
        "entryName": "measure"
      },
      "browser": {
        "name": "safari",
        "headless": false,
        "windowSize": {
          "width": 1024,
          "height": 768
        },
        "userAgent": ""
      },
      "mean": {
        "low": 0.04038620958372999,
        "high": 0.23961379041627004
      },
      "differences": [
        null,
        {
          "absolute": {
            "low": -0.01440143481657398,
            "high": 0.21440143481657398
          },
          "percentChange": {
            "low": -301.6536224546626,
            "high": 801.6536224546627
          }
        },
        {
          "absolute": {
            "low": -0.6087622387661381,
            "high": -0.1912377612338619
          },
          "percentChange": {
            "low": -94.51611413348547,
            "high": -53.632034014662665
          }
        },
        {
          "absolute": {
            "low": -0.48781259515191994,
            "high": -0.07218740484808
          },
          "percentChange": {
            "low": -94.45230417518039,
            "high": -38.881029158152934
          }
        }
      ],
      "samples": [
        0,
        0,
        0,
        0,
        0,
        0,
        0,
        0,
        0,
        0,
        0,
        0,
        0,
        1,
        0,
        0,
        0,
        0,
        0,
        0,
        1,
        0,
        0,
        0,
        0,
        0,
        0,
        0,
        0,
        0,
        0,
        0,
        0,
        1,
        0,
        1,
        0,
        1,
        0,
        0,
        1,
        1,
        0,
        0,
        0,
        0,
        0,
        0,
        0,
        0
      ]
    },
    {
      "name": "LocalStorage get",
      "bytesSent": 0,
      "measurement": {
        "name": "measure",
        "mode": "performance",
        "entryName": "measure"
      },
      "browser": {
        "name": "safari",
        "headless": false,
        "windowSize": {
          "width": 1024,
          "height": 768
        },
        "userAgent": ""
      },
      "mean": {
        "low": -0.016256386721813704,
        "high": 0.0962563867218137
      },
      "differences": [
        {
          "absolute": {
            "low": -0.21440143481657398,
            "high": 0.01440143481657398
          },
          "percentChange": {
            "low": -116.4615202003806,
            "high": -26.395622656762246
          }
        },
        null,
        {
          "absolute": {
            "low": -0.691894622489917,
            "high": -0.30810537751008304
          },
          "percentChange": {
            "low": -103.31010519788764,
            "high": -81.87507998729753
          }
        },
        {
          "absolute": {
            "low": -0.5708610712263595,
            "high": -0.1891389287736405
          },
          "percentChange": {
            "low": -104.49449682092849,
            "high": -76.45788413145247
          }
        }
      ],
      "samples": [
        0,
        0,
        0,
        0,
        0,
        0,
        0,
        0,
        0,
        0,
        0,
        0,
        0,
        0,
        0,
        0,
        0,
        0,
        0,
        0,
        1,
        0,
        0,
        1,
        0,
        0,
        0,
        0,
        0,
        0,
        0,
        0,
        0,
        0,
        0,
        0,
        0,
        0,
        0,
        0,
        0,
        0,
        0,
        0,
        0,
        0,
        0,
        0,
        0,
        0
      ]
    },
    {
      "name": "idb add",
      "bytesSent": 0,
      "measurement": {
        "name": "measure",
        "mode": "performance",
        "entryName": "measure"
      },
      "browser": {
        "name": "safari",
        "headless": false,
        "windowSize": {
          "width": 1024,
          "height": 768
        },
        "userAgent": ""
      },
      "mean": {
        "low": 0.3565367472937605,
        "high": 0.7234632527062396
      },
      "differences": [
        {
          "absolute": {
            "low": 0.1912377612338619,
            "high": 0.6087622387661381
          },
          "percentChange": {
            "low": -18.41320823083499,
            "high": 589.8417796594064
          }
        },
        {
          "absolute": {
            "low": 0.30810537751008304,
            "high": 0.691894622489917
          },
          "percentChange": {
            "low": -703.2666723150239,
            "high": 3203.266672315024
          }
        },
        null,
        {
          "absolute": {
            "low": -0.1386927377338465,
            "high": 0.3786927377338466
          },
          "percentChange": {
            "low": -42.317332227347684,
            "high": 99.46018937020486
          }
        }
      ],
      "samples": [
        0,
        0,
        2,
        1,
        1,
        0,
        1,
        1,
        0,
        1,
        1,
        0,
        1,
        0,
        1,
        2,
        1,
        1,
        2,
        0,
        1,
        0,
        0,
        0,
        0,
        0,
        0,
        1,
        0,
        0,
        0,
        0,
        1,
        1,
        1,
        0,
        2,
        0,
        1,
        0,
        0,
        1,
        0,
        0,
        0,
        0,
        1,
        1,
        0,
        0
      ]
    },
    {
      "name": "idb get",
      "bytesSent": 0,
      "measurement": {
        "name": "measure",
        "mode": "performance",
        "entryName": "measure"
      },
      "browser": {
        "name": "safari",
        "headless": false,
        "windowSize": {
          "width": 1024,
          "height": 768
        },
        "userAgent": ""
      },
      "mean": {
        "low": 0.2376180725436886,
        "high": 0.6023819274563114
      },
      "differences": [
        {
          "absolute": {
            "low": 0.07218740484808,
            "high": 0.48781259515191994
          },
          "percentChange": {
            "low": -50.07073757662348,
            "high": 450.07073757662346
          }
        },
        {
          "absolute": {
            "low": 0.1891389287736405,
            "high": 0.5708610712263595
          },
          "percentChange": {
            "low": -595.5182745073658,
            "high": 2495.5182745073657
          }
        },
        {
          "absolute": {
            "low": -0.3786927377338466,
            "high": 0.1386927377338465
          },
          "percentChange": {
            "low": -65.10554665604984,
            "high": 20.661102211605385
          }
        },
        null
      ],
      "samples": [
        0,
        0,
        1,
        0,
        0,
        0,
        1,
        2,
        0,
        2,
        1,
        0,
        0,
        0,
        0,
        0,
        1,
        0,
        0,
        0,
        1,
        0,
        0,
        0,
        0,
        0,
        0,
        2,
        0,
        0,
        0,
        0,
        0,
        1,
        2,
        1,
        1,
        1,
        1,
        0,
        1,
        0,
        1,
        1,
        0,
        0,
        0,
        0,
        0,
        0
      ]
    }
  ]
}
